240620_tarif_clients_nouvelle_id.7_tourer_au_14_mai_2024_maj_au_20_juin_2024_am_2025 ; 20-06-2024
250102_tarif_clients_nouveau_t-cross_au_2_janvier_2025_am_2025 ; 02-01-2025
transporter_1024 ; Null
240530_tarif_clients_id.5_au_30_mai_2024_am_2025 ; 30-05-2024
250605_tarif_clients_tiguan_au_5_juin_2025_am_2026 ; 05-06-2025
tarif-california-6.1-my2024-20240205-maj0325 ; 05-02-2024
tarif_caddy_-_my2025_maj_23-07 ; 23-07-2025
241121_tarif_clients_nouveau_tayron_au_11_octobre_2024_maj_au_21_novembre_2024_am_2025 ; 21-11-2024
taigo_06.24 ; 06-2024
id_3_2 ; Null
241202_tarif_clients_id.4_au_30_mai_2024_maj_au_2_décembre_2024_am_2025 ; 02-12-2024
240819_tarif_clients_t-roc_au_19_août_2024_am_2025 ; 19-08-2024
tarifs_passat_sw_01.08.2023_(1) ; 01-08-2023
250301_tarif_clients_nouveau_tayron_au_3_février_2025_maj_au_1er_mars_2025_am_2025 ; 01-03-2025
250301_tarif_clients_polo_au_2_janvier_2025_maj_au_1er_mars_2025_am_2025 ; 01-03-2025
tarif_multivan_my26_au_27-05-25_maj_06-06-25 ; 27-05-2025
tarif-id-buzz-my2025-20241015 ; 15-10-2024
id_buzz_tarif_09-07-24_maj_14-03_(14-03) ; 09-07-2024
tarif-id-buzz-my2025-20241015_(1) ; 15-10-2024
240703_tarif_clients_id.4_au_30_mai_2024_maj_au_3_juillet_2024_am_2025 ; 03-07-2024
touran_06.24 ; 06-2024
250605_tarif_clients_t-roc_au_5_juin_2025_am_2026 ; 05-06-2025
240603_tarif_clients_taigo_au_3_juin_2024_am_2024 ; 03-06-2024
240819_tarif_clients_nouveau_t-cross_au_19_août_2024_am_2025 ; 19-08-2024
202502_-_offres_vw ; Null
tarif-crafter-van-my2025_27.12 ; 27-12-2025
tarif_id._buzz_-_my2026_au_7_mai_2025 ; 07-05-2025
250605_tarif_clients_touran_au_5_juin_2025_am_2026 ; 05-06-2025
passat_sw_07.01.25 ; 25-01-2007
dossier_marketing_&_commercial_-_octobre ; Null
241001_tarif_clients_nouveau_t-cross_au_19_août_2024_maj_au_1er_octobre_2024_am_2025 ; 01-10-2024
tarif_caddy_california_-_my2025_au_23_juillet_2024_maj_23-07 ; 23-07-2024
golf_06.24 ; 06-24
241114_tarif_clients_id.3_au_30_mai_2024_maj_au_14_novembre_2024_am_2025 ; 14-11-2024
dossier_marketing_&_commercial_-_novembre ; Null
t7_tarif_transporter_27.12 ; 27-12-2024
240603_tarif_clients_polo_au_3_juin_2024_am_2024 ; 03-06-2024
250605_tarif_clients_nouveau_tayron_au_5_juin_2025_am_2026 ; 05-06-2025
240524_tarif_clients_nouvelle_golf_au_15_février_2024_maj_au_24_mai_2024_am_2024 ; 24-05-2024
241105_tarif_clients_touareg_ehybrid_au_5_novembre_2024_am_2025 ; 05-11-2024
id_5 ; Null
240906_tarif_clients_taigo_au_03_septembre_2024__maj_au_06_septembre_2024_am_2025 ; 06-09-2024
241202_tarif_clients_id.5_au_30_mai_2024_maj_au_2_décembre_2024_am_2025 ; 02-12-2024
250513_tarif_clients_id.3_au_13_mai_2025_am_2026 ; 13-05-2025
250301_tarif_clients_taigo_au_2_janvier_2025_maj_au_1er_mars_2025_am_2025 ; 01-03-2025
id_buzz_cargo_03-01-25_maj_14-03_(14-03) ; 14-03-2025
tarif_caddy_cargo_-_my2025_maj_23-07 ; 23-07-2025
tarif-caddy-cargo-my2025-20241004_(1) ; 04-10-2024
golf_sw_04.24 ; 04-24
241030_tarif_clients_nouveau_t-cross_au_19_août_2024_maj_au_30_octobre_2024_am_2025 ; 30-10-2024
id4_2.12 ; Null
polo_au_3_juin_2024_maj_au_24_juillet_2024_am_2024 ; 24-07-2024
202503_-_offres_vw_(1) ; Null
guide-entretien-vw-comment-entretenir-son-vdl-202206 ; 01-06-2022
250301_tarif_clients_t-roc_cabriolet_au_2_janvier_2025_maj_au_1er_mars_2025_am_2025 ; 01-03-2025
guide_deploiement_instants_vw_pro_avril25 ; Null
tarif_nouveau_california_my25_08-10-2024_maj_10-04 ; 08-10-2024
250301_tarif_clients_t-cross_au_2_janvier_2025_maj_au_1er_mars_2025_am_2025 ; 01-03-2025
240801_tarif_clients_nouvelle_golf_au_1er_août_2024_am_2025 ; 01-08-2024
240603_tarif_clients_nouveau_tiguan_au_3_juin_2024_am_2024 ; 03-06-2024
250102_tarif_clients_touran_au_2_janvier_2025_am_2025 ; 02-01-2025
250102_tarif_clients_polo_au_2_janvier_2025_am_2025 ; 02-01-2025
tarif-id-buzz-my2025_27.12 ; 27-12-2025
touareg_ehybrid_07.01.25 ; 07-01-2025
240603_tarif_clients_nouvelle_passat_au_3_juin_2024_am_2024 ; 03-06-2024
id.4_05.24 ; 05-05-2024
250612_tarif_clients_polo_au_12_juin_2025_am_2026 ; 12-06-2025
tiguan_au_25_juillet_2024_am_2025 ; 25-07-2024
240725_tarif_clients_nouvelle_passat_au_25_juillet_2024_am_2025 ; 25-07-2024
250102_tarif_clients_nouvelle_id.7_au_2_janvier_2025_am_2025 ; 02-01-2025
250605_tarif_clients_golf_au_5_juin_2025_am_2026 ; 05-06-2025
240515_tarif_clients_nouvelle_id.7_tourer_au_8_mars_2024_maj_au_15_mai_2024_am_2024 ; 15-05-2024
multivan_-_am2023_-_tarif_2023_n2_au_01-03-2023 ; 01-03-2023
tarif_id_buzz_-_maj_au_19-02-25 ; 19-02-2025
tarif-caddy-cargo-my2025-20241004 ; 04-10-2024
240918_tarif_clients_nouvelle_golf_au_1er_août_2024_maj_au_18_septembre_2024_am_2025 ; 18-09-2024
tiguan_07.01.25 ; 07-01-2025
250605_tarif_clients_golf_sw_au_5_juin_2025_am_2026 ; 05-06-2025
250514_tarif_clients_touareg_ehybrid_au_14_mai_2025_am_2026 ; 14-05-2025
tarif-id-buzz-my2025-20240709 ; 09-07-2024
tarif-caddy-cargo-my2025 ; Null
241118_tarif_clients_polo_au_29_août_2024_maj_au_18_novembre_2024_am_2025 ; 18-11-2024
polo_06.24 ; 06-2024
241030_tarif_clients_nouveau_tiguan_au_25_juillet_2024_maj_au_30_octobre_2024_am_2025 ; 30-10-2024
240603_tarif_clients_nouveau_t-cross_au_3_juin_2024_am_2024 ; 03-06-2024
250401_tarif_clients_t-roc_au_2_janvier_2025_maj_au_1er_avril_2025_am_2025 ; 01-04-2025
240704_tarif_clients_nouvelle_golf_au_4_juillet_2024_am_2025 ; 04-07-2024
id.5_05.24 ; 05-05-2024
250301_tarif_clients_touran_au_2_janvier_2025_maj_au_1er_mars_2025_am_2025 ; 01-03-2025
tarif-id-buzz-cargo-my2025-20241015 ; 15-10-2024
tarif-nouvelle-caravelle-my2025-20241107 ; 07-11-2024
241030_tarif_clients_taigo_au_3_septembre_2024__maj_au_30_octobre_2024_am_2025 ; 30-10-2024
240704_tarif_clients_nouvelle_golf_sw_au_4_juillet_2024_am_2025 ; 04-07-2024
tarif-crafter-chassis-my2025_21.12 ; 21-12-2025
240603_tarif_clients_t-roc_cabriolet_au_3_juin_2024_am_2024 ; 03-06-2024
t_roc_06.24 ; 06-2024
tarif-caddy-cargo-my2025-20240419 ; 19-04-2024
241030_tarif_clients_nouvelle_passat_au_25_juillet_2024_maj_au_30_octobre_2024_am_2025 ; 30-10-2024
id_3_2_(1) ; Null
240801_tarif_clients_nouvelle_golf_sw_au_1er_août_2024_am_2025 ; 01-08-2024
t7_tarif_transporter_(10) ; Null
241120_tarif_clients_touran_au_5_novembre_2024_maj_au_20_novembre_2024_am_2025 ; 20-11-2024
tarif_id._buzz_-_my2025_au_9_juillet_2024_-_maj_19-07 ; 19-07-2024
tarif_id._buzz_-_my2025_au_9_juillet_2024 ; 09-07-2024
240819_tarif_clients_nouvelle_passat_au_25_juillet_2024_maj_au_19_août_2024_am_2025 ; 19-08-2024
240902_tarif_clients_touareg_au_02_septembre ; 02-09-2024
250602_tarif_clients_id.5_au_2_janvier_2025_maj_au_2_juin_2025_am_2025 ; 02-06-2025
communique_de_presse ; Null
240703_tarif_clients_id.5_au_30_mai_2024_maj_au_3_juillet_2024_am_2025 ; 03-07-2024
240530_tarif_clients_id.3_au_30_mai_2024_am_2025 ; 30-05-2024
tarif_crafter_châssis_-_my2025_au_23_juillet_2024_-_maj_23-07 ; 23-07-2024
240819_tarif_clients_t-roc_cabriolet_au_19_août_2024_am_2025 ; 19-08-2024
tarif_id._buzz_cargo_-_my2025_au_25_juin_2024_-_maj_25-07 ; 25-06-2024
nouvel_amarok_-_tarifs_au_13_juillet_2023 ; 13-07-2023
202502_-_offres_vw_v2 ; Null
250102_tarif_clients_nouveau_tiguan_au_2_janvier_2025_am_2025 ; 02-01-2025
tarif-id-buzz-cargo-my2025_27.12 ; 27-12-2025
tarif_crafter_van_-_my2025_au_23_juillet_2024_-_maj_23-07 ; 23-07-2024
250102_tarif_clients_nouvelle_golf_sw_au_2_janvier_2025_am_2025 ; 02-01-2025
240430_tarif_clients_nouvelle_golf_au_15_février_2024_maj_au_30_avril_2024_am_2024 ; 30-04-2024
dossier_marketing_&_commercial_-_août ; Null
tiguan_06.24 ; 06-2024
tarifs_caddy_vp__-_my2025_au_31_mars_2025 ; 31-03-2025
t_roc_cabriolet ; Null
241105_tarif_clients_nouvelle_passat_au_5_novembre_2024_am_2025 ; 05-11-2024
t7_tarif_ecaravelle_28.01 ; 28-01-2024
240614_tarif_clients_touareg_ehybrid_au_14_juin_2024_am_2024 ; 14-06-2024
tiguan_allspace_0124 ; 01-2024
250102_tarif_clients_id.4_au_2_janvier_2025_am_2025 ; 02-01-2025
tarif_nouveau_transporter_my25_au_18-09-24_maj_06-06-25 ; 06-06-2025
240906_tarif_clients_id.3_au_30_mai_2024_maj_au_6_septembre_2024_am_2025 ; 06-09-2024
241030_tarif_clients_touareg_ehybrid_au_2_septembre_2024_maj_au_30_octobre_2024_am_2025 ; 30-10-2024
250102_tarif_clients_nouvelle_id.7_tourer_au_2_janvier_2025_am_2025 ; 02-01-2025
240829_tarif_clients_polo_au_29_août_2024_am_2025 ; 29-08-2024
t7_tarif_transporter ; Null
240603_tarif_clients_touran_au_3_juin_2024_am_2024 ; 03-06-2024
250507_tarif_clients_id.4_au_2_janvier_2025_maj_au_7_mai_2025_am_2025 ; 07-05-2025
tarif_caddy_cargo_-_my2026_au_13_juin_2025 ; 13-06-2025
250102_tarif_clients_nouvelle_golf_au_2_janvier_2025_am_2025 ; 02-01-2025
241105_tarif_clients_t-roc_cabriolet_au_5_novembre_2024_am_2025 ; 05-11-2024
240903_tarif_clients_taigo_au_03_septembre_2024_am_2025 ; 03-09-2024
tarif_caddy_vp_-_my2026_au_13_juin_2025 ; 13-06-2025
241030_tarif_clients_nouvelle_golf_au_1er_août_2024_maj_au_30_octobre_2024_am_2025 ; 30-10-2024
241001_tarif_clients_nouveau_tiguan_au_25_juillet_2024_maj_au_1er_octobre_2024_am_2025 ; 01-10-2024
250102_tarif_clients_taigo_au_2_janvier_2025_am_2025 ; 02-01-2025
241202_tarif_clients_id.3_au_30_mai_2024_maj_au_2_décembre_2024_am_2025 ; 02-12-2024
241001_tarif_clients_polo_au_29_août_2024_maj_au_1er_octobre_2024_am_2025 ; 01-10-2024
241030_tarif_clients_nouvelle_golf_sw_au_1er_août_2024_maj_au_30_octobre_2024_am_2025 ; 30-10-2024
tarif_nouveau_california_08-10-2024_ ; 08-10-2024
tarif_crafter_van_-_my2026_au_13_juin_2025_1 ; 13-06-2025
240603_tarif_clients_t-roc_au_3_juin_2024_am_2024 ; 03-06-2024
t7_tarif_caravelle_27.12 ; 27-12-2024
id_4 ; Null
250624_tarif_clients_id.3_au_24_juin_2025_am_2026 ; 25-06-2024
250301_tarif_clients_t-roc_au_2_janvier_2025_maj_au_1er_mars_2025_am_2025 ; 01-03-2025
240819_tarif_clients_touran_au_19_août_2024_am_2025 ; 19-08-2024
240819_tarif_clients_taigo_au_19_août_2024_am_2025 ; 19-08-2024
tarif_crafter_chassis_-_my2026_au_13_juin_2025_1 ; 13-06-2025
250602_tarif_clients_id.4_au_2_janvier_2025_maj_au_2_juin_2025_am_2025 ; 02-06-2025
082_25__programme_commercial_volkswagen_juillet_2025 ; 01-07-2025
tarif_id._buzz_cargo_-_my2026_au_7_mai_2025 ; 07-05-2025
240612_tarif_clients_nouvelle_golf_au_15_février_2024_maj_au_12_juin_2024_am_2024 ; 12-06-2024
250102_tarif_clients_nouvelle_passat_au_2_janvier_2025_am_2025 ; 02-01-2025
250301_tarif_clients_nouvelle_golf_sw_au_2_janvier_2025_maj_au_1er_mars_2025_am_2025 ; 01-03-2025
241121_tarif_clients_nouveau_tiguan_au_5_novembre_2024_maj_au_21_novembre_2024_am_2025 ; 21-11-2024
passat_au_25_juillet_2024_am_2025 ; 25-07-2024
id._buzz_-_my2025_au_9_juillet_2024 ; 09-07-2024
dossier_de_presse_-_nouveau_california ; Null
tarif_grand_california_2024_-_my2025_au_23_juillet_2024 ; 23-07-2024
240530_tarif_clients_id.4_au_30_mai_2024_am_2025 ; 30-05-2024
tarif_nouveau_tayron_-_my25_-_11.10.2024 ; 11-10-2024
250102_tarif_clients_t-roc_au_2_janvier_2025_am_2025 ; 02-01-2025
golf_sw_au_1er_août_2024_am_2025 ; 01-08-2024
240924_tarif_clients_id.4_au_30_mai_2024_maj_au_24_septembre_2024_am_2025 ; 24-09-2024
tarif_id._buzz_-_my2025_au_9_juillet_2024_-_maj_15-10 ; 15-10-2024
250301_tarif_clients_touareg_ehybrid_au_5_novembre_2024_maj_au_1er_mars_2025_am_2025 ; 01-03-2025
tarif-caddy-california-my2025_03.01 ; 03-01-2025
tarif-nouveau-california-20241008 ; 08-10-2024
id_buzz ; Null
240620_tarif_clients_nouvelle_id.7_au_15_mai_2024_maj_au_20_juin_2024_am_2025 ; 20-06-2024
241202_tarif_clients_nouvelle_id.7_tourer_au_14_mai_2024_maj_au_2_décembre_2024_am_2025 ; 02-12-2024
241001_tarif_clients_t-roc_au_19_août_2024_maj_au_1er_octobre_2024_am_2025 ; 01-10-2024
tarif_caddy_california_-_my2025_au_5_avril_2024_maj_19-04 ; 19-04-2024
tarif_crafter_van-my2025_20240429 ; 29-04-2024
tarif_caddy_-_my2025_au_5_avril_2024_maj_19-04 ; 19-04-2024
touareg_hybrid_06.24 ; 06-2024
tarif-crafter-chassis-my2025 ; 2025
250213_tarif_clients_nouveau_tiguan_au_2_janvier_2025_maj_au_13_février_2025_am_2025 ; 13-02-2025
250605_tarif_clients_passat_au_5_juin_2025_am_2026 ; 05-06-2025
240924_tarif_clients_id.5_au_30_mai_2024_maj_au_24_septembre_2024_am_2025 ; 24-09-2024
241001_tarif_clients_nouvelle_golf_au_1er_août_2024_maj_au_1er_octobre_2024_am_2025 ; 01-10-2024
240724_tarif_clients_polo_au_3_juin_2024_maj_au_24_juillet_2024_am_2024 ; 24-07-2024
250311_tarif_clients_t-roc_cabriolet_au_2_janvier_2025_maj_au_11_mars_2025_am_2025 ; 11-03-2025
250102_tarif_clients_id.3_au_2_janvier_2025_am_2025 ; 02-01-2025
250301_tarif_clients_nouvelle_golf_au_2_janvier_2025_maj_au_1er_mars_2025_am_2025 ; 01-03-2025
tarif_caddy_cargo_-_my2025_au_5_avril_2024_maj_19-04 ; 19-04-2024
id.7_tourer_06.24 ; 06-2024
tarif-multivan-my2025-20240913 ; 13-09-2024
passat_05.24 ; 05-2024
tayron_07.01.25 ; 07-01-2025
tarif-crafter-van-my2025 ; 2025
id.7_06.24 ; 06-06-2024
tarif-multivan-my2025 ; Null
idbuzz_cargo ; Null
241202_tarif_clients_nouvelle_id.7_au_15_mai_2024_maj_au_2_décembre_2024_am_2025 ; 02-12-2024
id.5_au_30_mai_2024_maj_au_3_juillet_2024_am_2025 ; 03-07-2024
241014_tarif_clients_id.4_au_30_mai_2024_maj_au_14_octobre_2024_am_2025 ; 14-10-2024
250102_tarif_clients_nouveau_tayron_au_2_janvier_2025_am_2025 ; 02-01-2025
communique_de_presse_(1) ; Null
tarif_california_6.1_2024_n°3_-_my_2024_au_5_février_2024 ; 05-02-2024
id.3_05.24 ; 05-05-2024
tarif-crafter-chassis-my2025_20241009 ; 09-10-2024
dossier_marketing__commercial_-_septembre ; Null
id_7_(1) ; Null
tarif-caddy-vp-my2025_03.01 ; 03-01-2025
250102_tarif_clients_id.5_au_2_janvier_2025_am_2025 ; 02-01-2025
tarif-nouveau-california-my2025_(1) ; Null
tarif_crafter_chassis-my2025_20240429 ; 29-04-2024
240703_tarif_clients_id.3_au_30_mai_2024_maj_au_3_juillet_2024_am_2025 ; 03-07-2024
t7_tarif_caravelle ; Null
241030_tarif_clients_t-roc_au_19_août_2024_maj_au_30_octobre_2024_am_2025 ; 30-10-2024
241014_tarif_clients_id.3_au_30_mai_2024_maj_au_14_octobre_2024_am_2025 ; 14-10-2024
tarif_multivan_-_my25_au_13_septembre_2024_maj_30-11 ; 30-11-2024
tarif-grand-california-my2025_27.12 ; 27-12-2025
250605_tarif_clients_t-cross_au_5_juin_2025_am_2026 ; 05-06-2025
250605_tarif_clients_t-roc_cabriolet_au_5_juin_2025_am_2026 ; 05-06-2025
250507_tarif_clients_id.5_au_2_janvier_2025_maj_au_7_mai_2025_am_2025 ; 07-05-2025
250102_tarif_clients_t-roc_cabriolet_au_2_janvier_2025_am_2025 ; 02-01-2025
tarif_caddy_cargo_-_my2025_au_3_janvier_2025_maj_31-03 ; 03-01-2025
250301_tarif_clients_tiguan_au_2_janvier_2025_maj_au_1er_mars_2025_am_2025 ; 01-03-2025
240725_tarif_clients_nouveau_tiguan_au_25_juillet_2024_am_2025 ; 25-07-2024
241030_tarif_clients_touran_au_19_août_2024_maj_au_30_octobre_2024_am_2025 ; 30-10-2024
t_cross_06.24 ; 06-2024
t7_tarif_etransporter_28.01 ; 28-01-2024
tayron ; Null
golf_au_1er_août_2024_am_2025 ; 01-08-2024
q2__sq2_25.04.2024 ; 25-04-2024
a3_sportback_et_phev_berline_allstreet_-_my26_-_050625 ; 05-06-2025
rs_3_pi_-_my25_-_05092024_-_maj_06012025 ; 06-01-2025
q3_suv_(15) ; Null
a3_sportback_et_phev_berline_allstreet_-_my25_-_030325_-_maj_27032025_ ; 27-03-2025
rs_4_avant_(10) ; Null
q3_sportback_(41) ; Null
audi_a3__s3_a3__s3_sportback_a3_allstreet_(10) ; Null
a6___a6_avant_-_my26_-_160425 ; 25-04-2016
a8_berline__a8_limousine_(9) ; Null
a5_s5_a5_avant_s5_avant_(2) ; Null
a5___a5_avant_-_my25_-_27032025 ; 27-03-2025
a1_sportback__a1_allstreet_(18) ; Null
a7__s7_sportback_(16) ; Null
q2___sq2_-_my25_-_010425 ; 01-04-2025
a5_s5_a5_avant_s5_avant ; Null
q8__sq8_(7) ; Null
rs_q8_performance_(19) ; Null
a8_berline__a8_limousine_(23) ; Null
a1_sportback__a1_allstreet_(55) ; Null
audi_q6_e-tron_(4) ; Null
audi_a6_sportback_e-tron_a6_avant_e-tron_s6_sportback_e-tron_s6_avant_e-tron_(10) ; Null
audi_a3_tfsi_e_et_a3_sportback_tfsi_e ; Null
audi_q5_audi_q5_sportback_audi_sq5_audi_sq5_sportback ; Null
q7__sq7_(19) ; Null
rs_7_sportback__rs_6_avant_(6) ; Null
a8_-_my26_-_05062025 ; 05-06-2025
s_e-tron_gt__rs_e-tron_gt__rs_e-tron_gt_performance_(1) ; Null
audi_q5&sq5 ; Null
a1_sportback__a1_allstreet_(56) ; Null
nouvelle_a6_avant_-_060325 ; 25-03-2006
a3_sportback_et_phev_berline_allstreet ; Null
a5_sportback ; Null
q5-sq5-suv-my25-19092024 ; 19-09-2024
a3_sportback__s3_sportback_a3_berline__s3_berline_et_a3_allstreet_25.04.2024 ; 25-04-2024
q2___sq2_-_my26_-_050625 ; 05-06-2025
q4_e-tron__e-tron_sportback_(1) ; Null
a6_berline__a6_avant_et_s6_berline__s6_avant_(47) ; Null
s8_-_my26_-_05062025 ; 05-06-2025
q8___sq8 ; Null
rs3_sportback&rs3_berline ; Null
q5_sq5_suv___sportback_-_my25_-_12062025 ; 12-06-2025
a1_sportback__a1_allstreet_(34) ; Null
q3_sportback_(27) ; Null
s8_(8) ; Null
q2__sq2_(45) ; Null
a7__s7_sportback_(45) ; Null
a6_e-tron_-_my25_-_06.09.2024 ; 06-09-2024
rs_q8_performance ; Null
rs_6_avant__rs_7_sportback_(17) ; Null
audi_a3__s3_a3__s3_sportback_a3_allstreet ; Null
audi_a3_s3_a3_sportback_s3_sportback_a3_allstreet_(9) ; Null
rs_6_avant__rs_7_sportback_(13) ; Null
q2__sq2_(29) ; Null
tarif-a3-sportback-phev-berline-allstreet-s3-my25-14-11-2024 ; 14-11-2024
q3_sportback_(12) ; Null
a6___a6_avant_-_my26_-_120525_(1) ; 25-05-2012
a1_sb_allstreet_-_my26_-_050625 ; 05-06-2025
q8__sq8_(37) ; Null
e-tron_gt ; Null
a4_avant ; Null
q4_e-tron__q4_e-tron_sportback ; Null
a6_allroad_(11) ; Null
q3_suv_(27) ; Null
rs_7_sportback__rs_6_avant_(15) ; Null
q7__sq7_(47) ; Null
audi_e-tron_e-tron-sportback ; Null
rs_6_avant__rs_7_sportback_(25) ; Null
rs_4_avant_(11) ; Null
a6_sportback_e-tron__a6_avant_e-tron_-_my25_-_04.10.2024 ; 04-10-2024
a6___s6_-_my25_-_01102024_-_maj_310125 ; 01-10-2024
a8 ; Null
a1_sb_allstreet_-_my25_-_010425 ; 01-04-2025
rs_7_sportback__rs_6_avant_(8) ; Null
tarif_q4_e-tron_suv__sportback ; Null
q4_e-tron_suv___sportback_-_my25_-_01102024_-_maj_27012025 ; 01-10-2024
audi_q6_e-tron_(30) ; Null
e-tron_gt_-_my25_-_20062024_-_maj_14042025 ; 14-04-2025
rs_5_sportback ; Null
q3_suv_(43) ; Null
a6_berline__a6_avant_et_s6_berline__s6_avant_(14) ; Null
audi_q6_e-tron_q6_sportback_e-tron_sq6_e-tron_sq6_sportback_e-tron ; Null
q7___sq7 ; Null
q7___sq7_-_my26_-_150525_-_maj_22052025 ; 22-05-2025
fiche-tarifaire-seat-ateca_(3) ; Null
cupra_leon_4.12 ; Null
fiche-tarifaire-cupra-leon-st-2024 ; 2024
dossier_seat_leon_ehybrid_business_et_copa ; Null
fiche-tarifaire-cupra-formentor-2024 ; 2024
fiche-tarifaire-seat-ibiza_(2) ; Null
tarifs_seat_ibiza_my25.4_au_01.04.2025 ; 01-04-2025
cupra_leon_0924 ; 09-2024
fiche-tarifaire-cupra-formentor1 ; Null
born_4.12 ; 04-12
seat_leon_2.12 ; Null
dossier_de_lancement_terramar ; Null
tarifs_seat_mo_2025 ; 2025
tarif_cupra_formentor_midnight_edition_my25.1_au_03.03.2025 ; 03-03-2025
fiche-tarifaire-cupra-born1_(1) ; Null
tarifs_gamme_cupra_my25.1.2_au_07.06.2024 ; 07-06-2024
fiche-tarifaire-seat-arona_(9) ; Null
fiche-tarifaire-cupra-leon1_(4) ; Null
fiche-tarifaire-cupra-formentor_(5) ; Null
fiche-tarifaire-seat-ateca_(1) ; Null
fiche-tarifaire-seat-arona_(1) ; Null
fiche-tarifaire-seat-ateca_(5) ; Null
dossier_de_lancement_nouvelle_cupra_leon ; Null
fiche-tarifaire-cupra-born_14.06.2024 ; 14-06-2024
fiche-tarifaire-cupra-tavascan ; Null
cupra_040-25_lettre_info_produit_juin_2025 ; 01-06-2025
seat_041-25_lettre_info_produit_juin_2025 ; 06-2025
tarifs_cupra_formentor_my25.3_au_01.04.2025 ; 01-04-2025
born_01.01.25 ; 01-01-2025
terramar_4.12 ; 04-12-2023
arona_0924 ; 09-24-2024
fiche-tarifaire-seat-ateca_01.05.2024 ; 01-05-2024
fiche-tarifaire-cupra-terramar_(3) ; Null
fiche-tarifaire-cupra-leon-st ; Null
fiche-tarifaire-seat-leon_18.07.2024 ; 18-07-2024
cupra-050-25_evolution_formentor_midnight ; Null
fiche-tarifaire-seat-leon_(9) ; Null
tarifs_nouveau_cupra_tavascan_my24.1.2_au_07.06.2024 ; 07-06-2024
fiche-tarifaire-cupra-tavascan-2024-1_(2) ; 2024
seat_105-24_lettre_info_produit_dec_2024_-_spéciale_nouvelle_gamme_seat_2025_(3) ; 12-2024
tarifs_seat_leon_my25.4_au_01.04.2025 ; 01-04-2025
fiche-tarifaire-cupra-born_(1) ; Null
tarifs_cupra_leon_my25.3_au_01.04.2025 ; 01-04-2025
fiche-tarifaire-cupra-leon1 ; Null
tarifs_nouveau_cupra_formentor_my25.1.2_au_07.06.2024 ; 07-06-2024
tavascan_4.12 ; 04-12
fiche-tarifaire-cupra-born_25.04.2024 ; 25-04-2024
seat_ateca_2.12 ; Null
tarifs_cupra_terramar_my25.1_au_03.09.2024 ; 03-09-2024
fiche-tarifaire-seat-leon_(5) ; Null
fiche-tarifaire-seat-ibiza_(10) ; Null
ateca_0924 ; 09-2024
fiche-tarifaire-cupra-terramar_(1) ; Null
dossier_de_lancement_nouveau_cupra_formentor ; Null
fiche-tarifaire-cupra-leon_(1) ; Null
fiche-tarifaire-cupra-formentor-1 ; Null
tarifs_seat_leon_my25.4.2_au_11.04.2025 ; 11-04-2025
terramar_10.01.25 ; 25-01-2010
fiche-tarifaire-cupra-tavascan1 ; Null
tarifs_cupra_tavascan_my24.1_au_31.05.2024 ; 31-05-2024
fiche-tarifaire-cupra-formentor_(10) ; Null
fiche-tarifaire-cupra-formentor_(1) ; Null
fiche-tarifaire-cupra-terramar ; Null
tarifs_cupra_terramar_my25.4_au_01.04.2025 ; 01-04-2025
tarifs_seat_ateca_my25.2.4_au_01.04.2025 ; 01-04-2025
fiche-tarifaire-seat-leon_(1) ; Null
tarifs_nouvelle_cupra_leon_my25.1.2_au_07.06.2024 ; 07-06-2024
fiche-tarifaire-seat-leon_02.05.2024 ; 02-05-2024
fiche-tarifaire-cupra-leon-2024 ; 2024
dossier_de_lancement_cupra_tavascan ; Null
fiche-tarifaire-cupra-leon-1_(3) ; Null
tarifs_cupra_formentor_my26.2.1_au_16.07.2025 ; 16-07-2025
tarifs_seat_leon_my25.3.3_au_03.12.2024 ; 03-12-2024
tarifs_seat_arona_my25.4_au_01.04.2025 ; 01-04-2025
tarifs_cupra_born_my25.2_au_01.04.2025 ; 01-04-2025
terramar_18.11 ; 18-11-2024
fiche-tarifaire-cupra-tavascan-2024 ; 2024
cupra_030-25_lettre_info_produit_mai_2025_(002) ; mai 2025
seat_mo_-_063-24_-_opération_déstockage_-50%_remise_(1) ; Null
ibiza_0924 ; 09-2024
tarifs_et_fiches_techniques_enyaq_et_enyaq_coupe_a_jour_le_16_avril_2024 ; 16-04-2024
tarif_nouveaux_enyaq_et_enyaq_coupe_-_my2026_-_160125 ; 16-01-2025
skoda_comparaisons ; Null
tarifs_et_fiches_techniques_kodiaq_a_jour_le_16_mai_2024 ; 16-05-2024
fabia_08.24 ; 08-2024
scala_nov2024 ; 11-2024
tarif_enyaq_et_enyaq_coupe_-_my2025_-_30-05-24_(2) ; 30-05-2024
octavia_25.10.2024 ; 25-10-2024
tarif_superb_-_my2025_-_tarif_05112024_maj_06.02.2025 ; 06-02-2025
kodiaq_07.24 ; 07-24
scala_080824 ; 08-08-2024
tarifs_et_fiches_techniques_kamiq_a_jour_le_20_mars_2025 ; 20-03-2025
tarif_nouveaux_enyaq_et_enyaq_coupe_-_23.01.25 ; 23-01-2025
enyaq_sept2024 ; 09-2024
cp_skoda_presente_la_premiere_image_de_lelroq_son_suv_compact_100_electrique ; Null
tarifs_et_fiches_techniques_nouveau_elroq_a_jour_le_16_avril_2025 ; 16-04-2025
superb_nov2024 ; 11-2024
tarifs_et_fiches_techniques_octavia_a_jour_le_02_mai_2024 ; 02-05-2024
tarifs_et_fiches_techniques_octavia_a_jour_le_18_avril_2025 ; 18-04-2025
kodiaq_4.12 ; 04-12
tarifs_et_fiches_techniques_superb_a_jour_le_18_juillet_2024 ; 18-07-2024
my2023_tarifs_enyaq_iv_01012023_v5 ; 01-01-2023
tarif_nouvelle_octavia_-_my2025_-_tarif_18072024_maj_31.07.2024_(1) ; 31-07-2024
enyaq_08-08-24_(1) ; 08-08-2024
elroq_301024 ; 30-10-2024
tarifs_et_fiches_techniques_kodiaq_a_jour_le_16_mai_2024_ ; 16-05-2024
cp_le_futur_suv_citadin_100_electrique_de_skoda_sappellera_epiq ; Null
tarifs_et_fiches_techniques_octavia_a_jour_le_02_mai_2024_(2) ; 02-05-2024
tarif_nouveau_elroq_-_my2025_-_011024_-_maj_230125 ; 23-01-2025
octavia_nov2024 ; 11-2024
superb_07.01.25 ; 25-01-2007
superb080824 ; 08-08-2024
tarif_nouveaux_enyaq_et_enyaq_coupe_-_my2026_-_160125_-_maj_070325 ; 07-03-2025
tarif_nouveau_elroq_-_my2025_-_20.12 ; 20-12-2025
tarif_nouveau_elroq_-_my2025_-_011024_-_maj_210225 ; 21-02-2025
fabia_nov2024 ; 11-2024
tarif_nouveau_kodiaq_-_my2024_-_070324_-_maj_130624 ; 13-06-2024
octavia_dec_2024 ; 01-12-2024
kamiq_nov2024 ; 01-11-2024
tarifs_et_fiches_techniques_superb_a_jour_le_14_avril_2025 ; 14-04-2025
karoq__080824 ; 08-08-2024
tarif_kamiq_-_my2025_-_051124_-_maj_180225 ; 18-02-2025
karoq_nov2024 ; 01-11-2024
tarif_enyaq_et_enyaq_coupe_-_my2025_-_30-05-24_maj_au_27-06-24 ; 27-06-2024
tarifs_et_fiches_techniques_karoq_a_jour_le_29_janvier_2025 ; 29-01-2025
fabia_10.01.25 ; 10-01-2025
elroq_10.01.25 ; 10-01-2025
tarifs_et_fiches_techniques_kodiaq_a_jour_le_16_avril_2025 ; 16-04-2025
kodiaq_010824 ; 01-08-2024
tarif_karoq_-_my2025_-_051124_-_maj_280125 ; 28-01-2025
tarifs_et_fiches_techniques_octavia_a_jour_le_18_juillet_2024 ; 18-07-2024
directives_commerciales_skoda_fevrier ; 01-02-2024
tarifs_et_fiches_techniques_superb_a_jour_le_16_mai_2024 ; 16-05-2024
dossier_de_lancement_elroq ; Null
tarif_nouveau_elroq_-_my2025_-_011024_-_maj_070525 ; 07-05-2025
elroq_031024 ; 03-10-2024
elroq_nov2024 ; nov-2024
kamiq_080824 ; 08-08-2024
kodiaq_nov2024 ; 11-2024