240620_tarif_clients_nouvelle_id.7_tourer_au_14_mai_2024_maj_au_20_juin_2024_am_2025 ; Volkswagen ID.7 Tourer
250102_tarif_clients_nouveau_t-cross_au_2_janvier_2025_am_2025 ; Volkswagen T-Cross
transporter_1024 ; Volkswagen Transporter
240530_tarif_clients_id.5_au_30_mai_2024_am_2025 ; ID.5
250605_tarif_clients_tiguan_au_5_juin_2025_am_2026 ; Volkswagen Tiguan
tarif-california-6.1-my2024-20240205-maj0325 ; Volkswagen California 6.1
tarif_caddy_-_my2025_maj_23-07 ; Volkswagen Caddy
241121_tarif_clients_nouveau_tayron_au_11_octobre_2024_maj_au_21_novembre_2024_am_2025 ; Volkswagen Taycan
taigo_06.24 ; Volkswagen Taigo
id_3_2 ; Je ne peux pas identifier le modèle de voiture spécifique à partir de
241202_tarif_clients_id.4_au_30_mai_2024_maj_au_2_décembre_2024_am_2025 ; ID.4
240819_tarif_clients_t-roc_au_19_août_2024_am_2025 ; Volkswagen T-Roc
tarifs_passat_sw_01.08.2023_(1) ; Volkswagen Passat SW
250301_tarif_clients_nouveau_tayron_au_3_février_2025_maj_au_1er_mars_2025_am_2025 ; Volkswagen Taycan
250301_tarif_clients_polo_au_2_janvier_2025_maj_au_1er_mars_2025_am_2025 ; Volkswagen Polo
tarif_multivan_my26_au_27-05-25_maj_06-06-25 ; Volkswagen Multivan
tarif-id-buzz-my2025-20241015 ; Volkswagen ID. Buzz
id_buzz_tarif_09-07-24_maj_14-03_(14-03) ; Volkswagen ID. Buzz
tarif-id-buzz-my2025-20241015_(1) ; Volkswagen ID. Buzz
240703_tarif_clients_id.4_au_30_mai_2024_maj_au_3_juillet_2024_am_2025 ; ID.4
touran_06.24 ; Volkswagen Touran
250605_tarif_clients_t-roc_au_5_juin_2025_am_2026 ; Volkswagen T-Roc
240603_tarif_clients_taigo_au_3_juin_2024_am_2024 ; Volkswagen Taigo
240819_tarif_clients_nouveau_t-cross_au_19_août_2024_am_2025 ; Volkswagen T-Cross
202502_-_offres_vw ; Je ne peux pas identifier le modèle de voiture spécifique à partir de
tarif-crafter-van-my2025_27.12 ; Volkswagen Crafter Van
tarif_id._buzz_-_my2026_au_7_mai_2025 ; Volkswagen ID. Buzz
250605_tarif_clients_touran_au_5_juin_2025_am_2026 ; Volkswagen Touran
passat_sw_07.01.25 ; Volkswagen Passat SW
dossier_marketing_&_commercial_-_octobre ; Je ne peux pas déterminer le nom commercial complet du modèle de voiture
241001_tarif_clients_nouveau_t-cross_au_19_août_2024_maj_au_1er_octobre_2024_am_2025 ; Volkswagen T-Cross
tarif_caddy_california_-_my2025_au_23_juillet_2024_maj_23-07 ; Volkswagen Caddy California
golf_06.24 ; Volkswagen Golf
241114_tarif_clients_id.3_au_30_mai_2024_maj_au_14_novembre_2024_am_2025 ; Volkswagen ID.3
dossier_marketing_&_commercial_-_novembre ; Je ne peux pas déterminer le nom commercial complet du modèle de voiture
t7_tarif_transporter_27.12 ; Volkswagen Transporter T7
240603_tarif_clients_polo_au_3_juin_2024_am_2024 ; Volkswagen Polo
250605_tarif_clients_nouveau_tayron_au_5_juin_2025_am_2026 ; Volkswagen Taycan
240524_tarif_clients_nouvelle_golf_au_15_février_2024_maj_au_24_mai_2024_am_2024 ; Volkswagen Golf
241105_tarif_clients_touareg_ehybrid_au_5_novembre_2024_am_2025 ; Volkswagen Touareg eHybrid
id_5 ; Je ne peux pas identifier de modèle de voiture car aucune image n'
240906_tarif_clients_taigo_au_03_septembre_2024__maj_au_06_septembre_2024_am_2025 ; Volkswagen Taigo
241202_tarif_clients_id.5_au_30_mai_2024_maj_au_2_décembre_2024_am_2025 ; ID.5
250513_tarif_clients_id.3_au_13_mai_2025_am_2026 ; Volkswagen ID.3
250301_tarif_clients_taigo_au_2_janvier_2025_maj_au_1er_mars_2025_am_2025 ; Volkswagen Taigo
id_buzz_cargo_03-01-25_maj_14-03_(14-03) ; Volkswagen ID. Buzz Cargo
tarif_caddy_cargo_-_my2025_maj_23-07 ; Volkswagen Caddy Cargo
tarif-caddy-cargo-my2025-20241004_(1) ; Volkswagen Caddy Cargo
golf_sw_04.24 ; Volkswagen Golf Variant
241030_tarif_clients_nouveau_t-cross_au_19_août_2024_maj_au_30_octobre_2024_am_2025 ; Volkswagen T-Cross
id4_2.12 ; Volkswagen ID.4
polo_au_3_juin_2024_maj_au_24_juillet_2024_am_2024 ; Volkswagen Polo
202503_-_offres_vw_(1) ; Je ne peux pas voir le contenu de l'image que vous avez partagée
guide-entretien-vw-comment-entretenir-son-vdl-202206 ; Je ne peux pas déterminer le nom commercial complet du modèle de voiture
250301_tarif_clients_t-roc_cabriolet_au_2_janvier_2025_maj_au_1er_mars_2025_am_2025 ; Volkswagen T-Roc Cabriolet
guide_deploiement_instants_vw_pro_avril25 ; Volkswagen ID. Buzz Pro
tarif_nouveau_california_my25_08-10-2024_maj_10-04 ; Volkswagen California
250301_tarif_clients_t-cross_au_2_janvier_2025_maj_au_1er_mars_2025_am_2025 ; Volkswagen T-Cross
240801_tarif_clients_nouvelle_golf_au_1er_août_2024_am_2025 ; Volkswagen Golf
240603_tarif_clients_nouveau_tiguan_au_3_juin_2024_am_2024 ; Volkswagen Tiguan
250102_tarif_clients_touran_au_2_janvier_2025_am_2025 ; Volkswagen Touran
250102_tarif_clients_polo_au_2_janvier_2025_am_2025 ; Volkswagen Polo
tarif-id-buzz-my2025_27.12 ; Volkswagen ID. Buzz
touareg_ehybrid_07.01.25 ; Volkswagen Touareg eHybrid
240603_tarif_clients_nouvelle_passat_au_3_juin_2024_am_2024 ; Volkswagen Passat
id.4_05.24 ; Volkswagen ID.4
250612_tarif_clients_polo_au_12_juin_2025_am_2026 ; Volkswagen Polo
tiguan_au_25_juillet_2024_am_2025 ; Volkswagen Tiguan
240725_tarif_clients_nouvelle_passat_au_25_juillet_2024_am_2025 ; Volkswagen Passat
250102_tarif_clients_nouvelle_id.7_au_2_janvier_2025_am_2025 ; ID.7
250605_tarif_clients_golf_au_5_juin_2025_am_2026 ; Volkswagen Golf
240515_tarif_clients_nouvelle_id.7_tourer_au_8_mars_2024_maj_au_15_mai_2024_am_2024 ; Volkswagen ID.7 Tourer
multivan_-_am2023_-_tarif_2023_n2_au_01-03-2023 ; Volkswagen Multivan
tarif_id_buzz_-_maj_au_19-02-25 ; Volkswagen ID. Buzz
tarif-caddy-cargo-my2025-20241004 ; Volkswagen Caddy Cargo
240918_tarif_clients_nouvelle_golf_au_1er_août_2024_maj_au_18_septembre_2024_am_2025 ; Volkswagen Golf
tiguan_07.01.25 ; Volkswagen Tiguan
250605_tarif_clients_golf_sw_au_5_juin_2025_am_2026 ; Volkswagen Golf SW
250514_tarif_clients_touareg_ehybrid_au_14_mai_2025_am_2026 ; Volkswagen Touareg eHybrid
tarif-id-buzz-my2025-20240709 ; Volkswagen ID. Buzz
tarif-caddy-cargo-my2025 ; Volkswagen Caddy Cargo
241118_tarif_clients_polo_au_29_août_2024_maj_au_18_novembre_2024_am_2025 ; Volkswagen Polo
polo_06.24 ; Volkswagen Polo
241030_tarif_clients_nouveau_tiguan_au_25_juillet_2024_maj_au_30_octobre_2024_am_2025 ; Volkswagen Tiguan
240603_tarif_clients_nouveau_t-cross_au_3_juin_2024_am_2024 ; Volkswagen T-Cross
250401_tarif_clients_t-roc_au_2_janvier_2025_maj_au_1er_avril_2025_am_2025 ; Volkswagen T-Roc
240704_tarif_clients_nouvelle_golf_au_4_juillet_2024_am_2025 ; Volkswagen Golf
id.5_05.24 ; Volkswagen ID.5
250301_tarif_clients_touran_au_2_janvier_2025_maj_au_1er_mars_2025_am_2025 ; Volkswagen Touran
tarif-id-buzz-cargo-my2025-20241015 ; Volkswagen ID. Buzz Cargo
tarif-nouvelle-caravelle-my2025-20241107 ; Volkswagen Caravelle
241030_tarif_clients_taigo_au_3_septembre_2024__maj_au_30_octobre_2024_am_2025 ; Volkswagen Taigo
240704_tarif_clients_nouvelle_golf_sw_au_4_juillet_2024_am_2025 ; Volkswagen Golf SW
tarif-crafter-chassis-my2025_21.12 ; Volkswagen Crafter Châssis
240603_tarif_clients_t-roc_cabriolet_au_3_juin_2024_am_2024 ; Volkswagen T-Roc Cabriolet
t_roc_06.24 ; Volkswagen T-Roc
tarif-caddy-cargo-my2025-20240419 ; Volkswagen Caddy Cargo
241030_tarif_clients_nouvelle_passat_au_25_juillet_2024_maj_au_30_octobre_2024_am_2025 ; Volkswagen Passat
id_3_2_(1) ; Je ne peux pas identifier le modèle de voiture spécifique à partir de
240801_tarif_clients_nouvelle_golf_sw_au_1er_août_2024_am_2025 ; Volkswagen Golf SW
t7_tarif_transporter_(10) ; Volkswagen Transporter T7
241120_tarif_clients_touran_au_5_novembre_2024_maj_au_20_novembre_2024_am_2025 ; Volkswagen Touran
tarif_id._buzz_-_my2025_au_9_juillet_2024_-_maj_19-07 ; Volkswagen ID. Buzz
tarif_id._buzz_-_my2025_au_9_juillet_2024 ; Volkswagen ID. Buzz
240819_tarif_clients_nouvelle_passat_au_25_juillet_2024_maj_au_19_août_2024_am_2025 ; Volkswagen Passat
240902_tarif_clients_touareg_au_02_septembre ; Volkswagen Touareg
250602_tarif_clients_id.5_au_2_janvier_2025_maj_au_2_juin_2025_am_2025 ; ID.5
communique_de_presse ; Je ne peux pas identifier de modèle de voiture spécifique dans cette image
240703_tarif_clients_id.5_au_30_mai_2024_maj_au_3_juillet_2024_am_2025 ; ID.5
240530_tarif_clients_id.3_au_30_mai_2024_am_2025 ; Volkswagen ID.3
tarif_crafter_châssis_-_my2025_au_23_juillet_2024_-_maj_23-07 ; Volkswagen Crafter Châssis
240819_tarif_clients_t-roc_cabriolet_au_19_août_2024_am_2025 ; Volkswagen T-Roc Cabriolet
tarif_id._buzz_cargo_-_my2025_au_25_juin_2024_-_maj_25-07 ; Volkswagen ID. Buzz Cargo
nouvel_amarok_-_tarifs_au_13_juillet_2023 ; Volkswagen Amarok
202502_-_offres_vw_v2 ; Je ne peux pas identifier de modèle de voiture spécifique à partir de
250102_tarif_clients_nouveau_tiguan_au_2_janvier_2025_am_2025 ; Volkswagen Tiguan
tarif-id-buzz-cargo-my2025_27.12 ; Volkswagen ID. Buzz Cargo
tarif_crafter_van_-_my2025_au_23_juillet_2024_-_maj_23-07 ; Volkswagen Crafter Van
250102_tarif_clients_nouvelle_golf_sw_au_2_janvier_2025_am_2025 ; Volkswagen Golf SW
240430_tarif_clients_nouvelle_golf_au_15_février_2024_maj_au_30_avril_2024_am_2024 ; Volkswagen Golf
dossier_marketing_&_commercial_-_août ; Je ne peux pas déterminer le nom commercial complet du modèle de voiture
tiguan_06.24 ; Volkswagen Tiguan
tarifs_caddy_vp__-_my2025_au_31_mars_2025 ; Volkswagen Caddy
t_roc_cabriolet ; Volkswagen T-Roc Cabriolet
241105_tarif_clients_nouvelle_passat_au_5_novembre_2024_am_2025 ; Volkswagen Passat
t7_tarif_ecaravelle_28.01 ; Volkswagen Caravelle T7
240614_tarif_clients_touareg_ehybrid_au_14_juin_2024_am_2024 ; Volkswagen Touareg eHybrid
tiguan_allspace_0124 ; Volkswagen Tiguan Allspace
250102_tarif_clients_id.4_au_2_janvier_2025_am_2025 ; ID.4
tarif_nouveau_transporter_my25_au_18-09-24_maj_06-06-25 ; Volkswagen Transporter
240906_tarif_clients_id.3_au_30_mai_2024_maj_au_6_septembre_2024_am_2025 ; Volkswagen ID.3
241030_tarif_clients_touareg_ehybrid_au_2_septembre_2024_maj_au_30_octobre_2024_am_2025 ; Volkswagen Touareg eHybrid
250102_tarif_clients_nouvelle_id.7_tourer_au_2_janvier_2025_am_2025 ; BMW ID.7 Tourer
240829_tarif_clients_polo_au_29_août_2024_am_2025 ; Volkswagen Polo
t7_tarif_transporter ; Volkswagen Transporter T7
240603_tarif_clients_touran_au_3_juin_2024_am_2024 ; Volkswagen Touran
250507_tarif_clients_id.4_au_2_janvier_2025_maj_au_7_mai_2025_am_2025 ; ID.4
tarif_caddy_cargo_-_my2026_au_13_juin_2025 ; Volkswagen Caddy Cargo
250102_tarif_clients_nouvelle_golf_au_2_janvier_2025_am_2025 ; Volkswagen Golf
241105_tarif_clients_t-roc_cabriolet_au_5_novembre_2024_am_2025 ; Volkswagen T-Roc Cabriolet
240903_tarif_clients_taigo_au_03_septembre_2024_am_2025 ; Volkswagen Taigo
tarif_caddy_vp_-_my2026_au_13_juin_2025 ; Volkswagen Caddy
241030_tarif_clients_nouvelle_golf_au_1er_août_2024_maj_au_30_octobre_2024_am_2025 ; Volkswagen Golf
241001_tarif_clients_nouveau_tiguan_au_25_juillet_2024_maj_au_1er_octobre_2024_am_2025 ; Volkswagen Tiguan
250102_tarif_clients_taigo_au_2_janvier_2025_am_2025 ; Volkswagen Taigo
241202_tarif_clients_id.3_au_30_mai_2024_maj_au_2_décembre_2024_am_2025 ; Volkswagen ID.3
241001_tarif_clients_polo_au_29_août_2024_maj_au_1er_octobre_2024_am_2025 ; Volkswagen Polo
241030_tarif_clients_nouvelle_golf_sw_au_1er_août_2024_maj_au_30_octobre_2024_am_2025 ; Volkswagen Golf SW
tarif_nouveau_california_08-10-2024_ ; Volkswagen California
tarif_crafter_van_-_my2026_au_13_juin_2025_1 ; Volkswagen Crafter Van
240603_tarif_clients_t-roc_au_3_juin_2024_am_2024 ; Volkswagen T-Roc
t7_tarif_caravelle_27.12 ; Volkswagen Caravelle T7
id_4 ; Je ne peux pas identifier de modèle de voiture spécifique car vous n
250624_tarif_clients_id.3_au_24_juin_2025_am_2026 ; Volkswagen ID.3
250301_tarif_clients_t-roc_au_2_janvier_2025_maj_au_1er_mars_2025_am_2025 ; Volkswagen T-Roc
240819_tarif_clients_touran_au_19_août_2024_am_2025 ; Volkswagen Touran
240819_tarif_clients_taigo_au_19_août_2024_am_2025 ; Volkswagen Taigo
tarif_crafter_chassis_-_my2026_au_13_juin_2025_1 ; Volkswagen Crafter Chassis
250602_tarif_clients_id.4_au_2_janvier_2025_maj_au_2_juin_2025_am_2025 ; ID.4
082_25__programme_commercial_volkswagen_juillet_2025 ; Volkswagen Golf
tarif_id._buzz_cargo_-_my2026_au_7_mai_2025 ; Volkswagen ID. Buzz Cargo
240612_tarif_clients_nouvelle_golf_au_15_février_2024_maj_au_12_juin_2024_am_2024 ; Volkswagen Golf
250102_tarif_clients_nouvelle_passat_au_2_janvier_2025_am_2025 ; Volkswagen Passat
250301_tarif_clients_nouvelle_golf_sw_au_2_janvier_2025_maj_au_1er_mars_2025_am_2025 ; Volkswagen Golf SW
241121_tarif_clients_nouveau_tiguan_au_5_novembre_2024_maj_au_21_novembre_2024_am_2025 ; Volkswagen Tiguan
passat_au_25_juillet_2024_am_2025 ; Volkswagen Passat
id._buzz_-_my2025_au_9_juillet_2024 ; Volkswagen ID. Buzz
dossier_de_presse_-_nouveau_california ; Je ne peux pas déterminer le nom commercial complet du modèle de voiture
tarif_grand_california_2024_-_my2025_au_23_juillet_2024 ; Volkswagen Grand California
240530_tarif_clients_id.4_au_30_mai_2024_am_2025 ; ID.4
tarif_nouveau_tayron_-_my25_-_11.10.2024 ; Volkswagen Tayron
250102_tarif_clients_t-roc_au_2_janvier_2025_am_2025 ; Volkswagen T-Roc
golf_sw_au_1er_août_2024_am_2025 ; Volkswagen Golf SW
240924_tarif_clients_id.4_au_30_mai_2024_maj_au_24_septembre_2024_am_2025 ; ID.4
tarif_id._buzz_-_my2025_au_9_juillet_2024_-_maj_15-10 ; Volkswagen ID. Buzz
250301_tarif_clients_touareg_ehybrid_au_5_novembre_2024_maj_au_1er_mars_2025_am_2025 ; Volkswagen Touareg eHybrid
tarif-caddy-california-my2025_03.01 ; Volkswagen Caddy California
tarif-nouveau-california-20241008 ; Volkswagen California
id_buzz ; Volkswagen ID. Buzz
240620_tarif_clients_nouvelle_id.7_au_15_mai_2024_maj_au_20_juin_2024_am_2025 ; ID.7
241202_tarif_clients_nouvelle_id.7_tourer_au_14_mai_2024_maj_au_2_décembre_2024_am_2025 ; Volkswagen ID.7 Tourer
241001_tarif_clients_t-roc_au_19_août_2024_maj_au_1er_octobre_2024_am_2025 ; Volkswagen T-Roc
tarif_caddy_california_-_my2025_au_5_avril_2024_maj_19-04 ; Volkswagen Caddy California
tarif_crafter_van-my2025_20240429 ; Volkswagen Crafter Van
tarif_caddy_-_my2025_au_5_avril_2024_maj_19-04 ; Volkswagen Caddy
touareg_hybrid_06.24 ; Volkswagen Touareg eHybrid
tarif-crafter-chassis-my2025 ; Volkswagen Crafter
250213_tarif_clients_nouveau_tiguan_au_2_janvier_2025_maj_au_13_février_2025_am_2025 ; Volkswagen Tiguan
250605_tarif_clients_passat_au_5_juin_2025_am_2026 ; Volkswagen Passat
240924_tarif_clients_id.5_au_30_mai_2024_maj_au_24_septembre_2024_am_2025 ; ID.5
241001_tarif_clients_nouvelle_golf_au_1er_août_2024_maj_au_1er_octobre_2024_am_2025 ; Volkswagen Golf
240724_tarif_clients_polo_au_3_juin_2024_maj_au_24_juillet_2024_am_2024 ; Volkswagen Polo
250311_tarif_clients_t-roc_cabriolet_au_2_janvier_2025_maj_au_11_mars_2025_am_2025 ; Volkswagen T-Roc Cabriolet
250102_tarif_clients_id.3_au_2_janvier_2025_am_2025 ; Volkswagen ID.3
250301_tarif_clients_nouvelle_golf_au_2_janvier_2025_maj_au_1er_mars_2025_am_2025 ; Volkswagen Golf
tarif_caddy_cargo_-_my2025_au_5_avril_2024_maj_19-04 ; Volkswagen Caddy Cargo
id.7_tourer_06.24 ; Volkswagen ID.7 Tourer
tarif-multivan-my2025-20240913 ; Volkswagen Multivan
passat_05.24 ; Volkswagen Passat
tayron_07.01.25 ; Volkswagen Tayron
tarif-crafter-van-my2025 ; Volkswagen Crafter Van
id.7_06.24 ; Volkswagen ID.7
tarif-multivan-my2025 ; Volkswagen Multivan
idbuzz_cargo ; Volkswagen ID.Buzz Cargo
241202_tarif_clients_nouvelle_id.7_au_15_mai_2024_maj_au_2_décembre_2024_am_2025 ; Je ne peux pas identifier le modèle de voiture à partir de ce nom de fich
id.5_au_30_mai_2024_maj_au_3_juillet_2024_am_2025 ; Volkswagen ID.5
241014_tarif_clients_id.4_au_30_mai_2024_maj_au_14_octobre_2024_am_2025 ; ID.4
250102_tarif_clients_nouveau_tayron_au_2_janvier_2025_am_2025 ; Volkswagen Taycan
communique_de_presse_(1) ; Je ne peux pas voir le contenu du document que vous avez mentionné. Pour
tarif_california_6.1_2024_n°3_-_my_2024_au_5_février_2024 ; Volkswagen California 6.1
id.3_05.24 ; Volkswagen ID.3
tarif-crafter-chassis-my2025_20241009 ; Volkswagen Crafter
dossier_marketing__commercial_-_septembre ; Je ne peux pas identifier le modèle de voiture uniquement à partir du nom "
id_7_(1) ; Je ne peux pas identifier le modèle de voiture car aucune image n'
tarif-caddy-vp-my2025_03.01 ; Volkswagen Caddy
250102_tarif_clients_id.5_au_2_janvier_2025_am_2025 ; Je ne peux pas identifier le modèle de voiture à partir de cette chaîne
tarif-nouveau-california-my2025_(1) ; Volkswagen California
tarif_crafter_chassis-my2025_20240429 ; Volkswagen Crafter Chassis
240703_tarif_clients_id.3_au_30_mai_2024_maj_au_3_juillet_2024_am_2025 ; Volkswagen ID.3
t7_tarif_caravelle ; Volkswagen Caravelle T7
241030_tarif_clients_t-roc_au_19_août_2024_maj_au_30_octobre_2024_am_2025 ; Volkswagen T-Roc
241014_tarif_clients_id.3_au_30_mai_2024_maj_au_14_octobre_2024_am_2025 ; Volkswagen ID.3
tarif_multivan_-_my25_au_13_septembre_2024_maj_30-11 ; Volkswagen Multivan
tarif-grand-california-my2025_27.12 ; Volkswagen Grand California
250605_tarif_clients_t-cross_au_5_juin_2025_am_2026 ; Volkswagen T-Cross
250605_tarif_clients_t-roc_cabriolet_au_5_juin_2025_am_2026 ; Volkswagen T-Roc Cabriolet
250507_tarif_clients_id.5_au_2_janvier_2025_maj_au_7_mai_2025_am_2025 ; ID.5
250102_tarif_clients_t-roc_cabriolet_au_2_janvier_2025_am_2025 ; Volkswagen T-Roc Cabriolet
tarif_caddy_cargo_-_my2025_au_3_janvier_2025_maj_31-03 ; Volkswagen Caddy Cargo
250301_tarif_clients_tiguan_au_2_janvier_2025_maj_au_1er_mars_2025_am_2025 ; Volkswagen Tiguan
240725_tarif_clients_nouveau_tiguan_au_25_juillet_2024_am_2025 ; Volkswagen Tiguan
241030_tarif_clients_touran_au_19_août_2024_maj_au_30_octobre_2024_am_2025 ; Volkswagen Touran
t_cross_06.24 ; Volkswagen T-Cross
t7_tarif_etransporter_28.01 ; Volkswagen Transporter T7 e-Transporter
tayron ; Volkswagen Tayron
golf_au_1er_août_2024_am_2025 ; Volkswagen Golf
q2__sq2_25.04.2024 ; Je ne peux pas identifier le modèle de voiture spécifique à partir de
a3_sportback_et_phev_berline_allstreet_-_my26_-_050625 ; Audi A3 Sportback e-tron PHEV
rs_3_pi_-_my25_-_05092024_-_maj_06012025 ; Audi RS 3
q3_suv_(15) ; Audi Q3
a3_sportback_et_phev_berline_allstreet_-_my25_-_030325_-_maj_27032025_ ; Audi A3 Sportback e-tron PHEV Allstreet
rs_4_avant_(10) ; Audi RS 4 Avant
q3_sportback_(41) ; Audi Q3 Sportback
audi_a3__s3_a3__s3_sportback_a3_allstreet_(10) ; Audi A3/S3 Sportback Allstreet
a6___a6_avant_-_my26_-_160425 ; Audi A6 Avant
a8_berline__a8_limousine_(9) ; Audi A8
a5_s5_a5_avant_s5_avant_(2) ; Audi A5 Sportback
a5___a5_avant_-_my25_-_27032025 ; Audi A5 Avant
a1_sportback__a1_allstreet_(18) ; Audi A1 Sportback A1 allstreet
a7__s7_sportback_(16) ; Audi A7 Sportback
q2___sq2_-_my25_-_010425 ; Je ne peux pas identifier le nom commercial complet du modèle de voiture à partir
a5_s5_a5_avant_s5_avant ; Audi A5/S5/A5 Avant/S5 Avant
q8__sq8_(7) ; Audi Q8 / SQ8
rs_q8_performance_(19) ; Audi RS Q8
a8_berline__a8_limousine_(23) ; Audi A8
a1_sportback__a1_allstreet_(55) ; Audi A1 Sportback / A1 allstreet
audi_q6_e-tron_(4) ; Audi Q6 e-tron
audi_a6_sportback_e-tron_a6_avant_e-tron_s6_sportback_e-tron_s6_avant_e-tron_(10) ; Audi A6 Sportback e-tron
audi_a3_tfsi_e_et_a3_sportback_tfsi_e ; Audi A3 TFSI e et A3 Sportback TFSI
audi_q5_audi_q5_sportback_audi_sq5_audi_sq5_sportback ; Audi Q5 / Q5 Sportback / SQ5 / S
q7__sq7_(19) ; Audi Q7/SQ7
rs_7_sportback__rs_6_avant_(6) ; Audi RS 7 Sportback
a8_-_my26_-_05062025 ; Audi A8
s_e-tron_gt__rs_e-tron_gt__rs_e-tron_gt_performance_(1) ; Audi RS e-tron GT
audi_q5&sq5 ; Audi Q5
a1_sportback__a1_allstreet_(56) ; Audi A1 Sportback / A1 Allstreet
nouvelle_a6_avant_-_060325 ; Audi A6 Avant
a3_sportback_et_phev_berline_allstreet ; Audi A3 Sportback e-tron PHEV Allstreet
a5_sportback ; Audi A5 Sportback
q5-sq5-suv-my25-19092024 ; Audi Q5 / SQ5
a3_sportback__s3_sportback_a3_berline__s3_berline_et_a3_allstreet_25.04.2024 ; Audi A3 Sportback / S3 Sportback / A3
q2___sq2_-_my26_-_050625 ; Je ne peux pas identifier le nom commercial complet du modèle de voiture à partir
q4_e-tron__e-tron_sportback_(1) ; Audi Q4 e-tron Sportback
a6_berline__a6_avant_et_s6_berline__s6_avant_(47) ; Audi A6 Berline, A6 Avant, S6
s8_-_my26_-_05062025 ; Audi S8
q8___sq8 ; Audi Q8 / Audi SQ8
rs3_sportback&rs3_berline ; Audi RS3 Sportback et Audi RS3 Berline
q5_sq5_suv___sportback_-_my25_-_12062025 ; Audi Q5 / SQ5 SUV & Sportback
a1_sportback__a1_allstreet_(34) ; Audi A1 Sportback A1 allstreet
q3_sportback_(27) ; Audi Q3 Sportback
s8_(8) ; Audi S8
q2__sq2_(45) ; Je ne peux pas identifier le nom commercial complet du modèle de voiture à partir
a7__s7_sportback_(45) ; Audi A7 Sportback 45 TFSI
a6_e-tron_-_my25_-_06.09.2024 ; Audi A6 e-tron
rs_q8_performance ; Audi RS Q8 Performance
rs_6_avant__rs_7_sportback_(17) ; Audi RS 6 Avant / RS 7 Sportback
audi_a3__s3_a3__s3_sportback_a3_allstreet ; Audi A3/S3 Sportback Allstreet
audi_a3_s3_a3_sportback_s3_sportback_a3_allstreet_(9) ; Audi A3/S3/A3 Sportback/S3
rs_6_avant__rs_7_sportback_(13) ; Audi RS 6 Avant
q2__sq2_(29) ; Je ne peux pas identifier le nom commercial complet du modèle de voiture à partir
tarif-a3-sportback-phev-berline-allstreet-s3-my25-14-11-2024 ; Audi A3 Sportback TFSI e
q3_sportback_(12) ; Audi Q3 Sportback
a6___a6_avant_-_my26_-_120525_(1) ; Audi A6 Avant
a1_sb_allstreet_-_my26_-_050625 ; Audi A1 Sportback allstreet
q8__sq8_(37) ; Audi Q8 / SQ8
e-tron_gt ; Audi e-tron GT
a4_avant ; Audi A4 Avant
q4_e-tron__q4_e-tron_sportback ; Audi Q4 e-tron et Audi Q4 e-t
a6_allroad_(11) ; Audi A6 Allroad
q3_suv_(27) ; Audi Q3
rs_7_sportback__rs_6_avant_(15) ; Audi RS 7 Sportback
q7__sq7_(47) ; Audi Q7/SQ7
audi_e-tron_e-tron-sportback ; Audi e-tron Sportback
rs_6_avant__rs_7_sportback_(25) ; Audi RS 6 Avant / RS 7 Sportback
rs_4_avant_(11) ; Audi RS 4 Avant
a6_sportback_e-tron__a6_avant_e-tron_-_my25_-_04.10.2024 ; Audi A6 Sportback e-tron / Audi A6
a6___s6_-_my25_-_01102024_-_maj_310125 ; Audi A6/S6
a8 ; Audi A8
a1_sb_allstreet_-_my25_-_010425 ; Audi A1 Sportback allstreet
rs_7_sportback__rs_6_avant_(8) ; Audi RS 7 Sportback
tarif_q4_e-tron_suv__sportback ; Audi Q4 e-tron
q4_e-tron_suv___sportback_-_my25_-_01102024_-_maj_27012025 ; Audi Q4 e-tron
audi_q6_e-tron_(30) ; Audi Q6 e-tron
e-tron_gt_-_my25_-_20062024_-_maj_14042025 ; Audi e-tron GT
rs_5_sportback ; Audi RS 5 Sportback
q3_suv_(43) ; Audi Q3
a6_berline__a6_avant_et_s6_berline__s6_avant_(14) ; Audi A6 Berline, A6 Avant, S6
audi_q6_e-tron_q6_sportback_e-tron_sq6_e-tron_sq6_sportback_e-tron ; Audi SQ6 Sportback e-tron
q7___sq7 ; Audi Q7 / Audi SQ7
q7___sq7_-_my26_-_150525_-_maj_22052025 ; Audi Q7 / SQ7
fiche-tarifaire-seat-ateca_(3) ; SEAT Ateca
cupra_leon_4.12 ; Cupra Leon
fiche-tarifaire-cupra-leon-st-2024 ; Cupra Leon Sportstourer
dossier_seat_leon_ehybrid_business_et_copa ; SEAT Leon e-HYBRID
fiche-tarifaire-cupra-formentor-2024 ; Cupra Formentor
fiche-tarifaire-seat-ibiza_(2) ; SEAT Ibiza
tarifs_seat_ibiza_my25.4_au_01.04.2025 ; SEAT Ibiza
cupra_leon_0924 ; Cupra Leon
fiche-tarifaire-cupra-formentor1 ; CUPRA Formentor
born_4.12 ; Subaru Impreza WRX STI
seat_leon_2.12 ; SEAT León
dossier_de_lancement_terramar ; Je ne peux pas déterminer le nom commercial complet du modèle de voiture
tarifs_seat_mo_2025 ; SEAT MO 125 Performance
tarif_cupra_formentor_midnight_edition_my25.1_au_03.03.2025 ; Cupra Formentor Midnight Edition
fiche-tarifaire-cupra-born1_(1) ; CUPRA Born
tarifs_gamme_cupra_my25.1.2_au_07.06.2024 ; CUPRA Born
fiche-tarifaire-seat-arona_(9) ; SEAT Arona
fiche-tarifaire-cupra-leon1_(4) ; CUPRA Leon
fiche-tarifaire-cupra-formentor_(5) ; CUPRA Formentor
fiche-tarifaire-seat-ateca_(1) ; SEAT Ateca
fiche-tarifaire-seat-arona_(1) ; SEAT Arona
fiche-tarifaire-seat-ateca_(5) ; SEAT Ateca
dossier_de_lancement_nouvelle_cupra_leon ; Cupra Leon
fiche-tarifaire-cupra-born_14.06.2024 ; CUPRA Born
fiche-tarifaire-cupra-tavascan ; CUPRA Tavascan
cupra_040-25_lettre_info_produit_juin_2025 ; Cupra Formentor
seat_041-25_lettre_info_produit_juin_2025 ; SEAT Ibiza
tarifs_cupra_formentor_my25.3_au_01.04.2025 ; Cupra Formentor
born_01.01.25 ; Je ne peux pas identifier le modèle de voiture car l'image ne montre
terramar_4.12 ; SEAT Terramar
arona_0924 ; SEAT Arona
fiche-tarifaire-seat-ateca_01.05.2024 ; SEAT Ateca
fiche-tarifaire-cupra-terramar_(3) ; CUPRA Terramar
fiche-tarifaire-cupra-leon-st ; Cupra Leon Sportstourer
fiche-tarifaire-seat-leon_18.07.2024 ; SEAT Leon
cupra-050-25_evolution_formentor_midnight ; Cupra Formentor
fiche-tarifaire-seat-leon_(9) ; SEAT Leon
tarifs_nouveau_cupra_tavascan_my24.1.2_au_07.06.2024 ; Cupra Tavascan
fiche-tarifaire-cupra-tavascan-2024-1_(2) ; CUPRA Tavascan
seat_105-24_lettre_info_produit_dec_2024_-_spéciale_nouvelle_gamme_seat_2025_(3) ; Je ne peux pas identifier le modèle de voiture spécifique à partir du
tarifs_seat_leon_my25.4_au_01.04.2025 ; SEAT Leon
fiche-tarifaire-cupra-born_(1) ; CUPRA Born
tarifs_cupra_leon_my25.3_au_01.04.2025 ; Cupra Leon
fiche-tarifaire-cupra-leon1 ; CUPRA Leon
tarifs_nouveau_cupra_formentor_my25.1.2_au_07.06.2024 ; Cupra Formentor
tavascan_4.12 ; CUPRA Tavascan
fiche-tarifaire-cupra-born_25.04.2024 ; CUPRA Born
seat_ateca_2.12 ; SEAT Ateca
tarifs_cupra_terramar_my25.1_au_03.09.2024 ; Cupra Terramar
fiche-tarifaire-seat-leon_(5) ; SEAT Leon
fiche-tarifaire-seat-ibiza_(10) ; SEAT Ibiza
ateca_0924 ; SEAT Ateca
fiche-tarifaire-cupra-terramar_(1) ; CUPRA Terramar
dossier_de_lancement_nouveau_cupra_formentor ; Cupra Formentor
fiche-tarifaire-cupra-leon_(1) ; CUPRA Leon
fiche-tarifaire-cupra-formentor-1 ; Cupra Formentor
tarifs_seat_leon_my25.4.2_au_11.04.2025 ; SEAT Leon
terramar_10.01.25 ; Volkswagen Terramar
fiche-tarifaire-cupra-tavascan1 ; CUPRA Tavascan
tarifs_cupra_tavascan_my24.1_au_31.05.2024 ; Cupra Tavascan
fiche-tarifaire-cupra-formentor_(10) ; CUPRA Formentor
fiche-tarifaire-cupra-formentor_(1) ; CUPRA Formentor
fiche-tarifaire-cupra-terramar ; CUPRA Terramar
tarifs_cupra_terramar_my25.4_au_01.04.2025 ; Cupra Terramar
tarifs_seat_ateca_my25.2.4_au_01.04.2025 ; SEAT Ateca
fiche-tarifaire-seat-leon_(1) ; SEAT Leon
tarifs_nouvelle_cupra_leon_my25.1.2_au_07.06.2024 ; Cupra Leon
fiche-tarifaire-seat-leon_02.05.2024 ; SEAT Leon
fiche-tarifaire-cupra-leon-2024 ; Cupra Leon
dossier_de_lancement_cupra_tavascan ; Cupra Tavascan
fiche-tarifaire-cupra-leon-1_(3) ; CUPRA Leon
tarifs_cupra_formentor_my26.2.1_au_16.07.2025 ; Cupra Formentor
tarifs_seat_leon_my25.3.3_au_03.12.2024 ; SEAT Leon
tarifs_seat_arona_my25.4_au_01.04.2025 ; SEAT Arona
tarifs_cupra_born_my25.2_au_01.04.2025 ; Cupra Born
terramar_18.11 ; SEAT Terramar
fiche-tarifaire-cupra-tavascan-2024 ; CUPRA Tavascan
cupra_030-25_lettre_info_produit_mai_2025_(002) ; CUPRA Born
seat_mo_-_063-24_-_opération_déstockage_-50%_remise_(1) ; SEAT Mii
ibiza_0924 ; Seat Ibiza
tarifs_et_fiches_techniques_enyaq_et_enyaq_coupe_a_jour_le_16_avril_2024 ; ŠKODA ENYAQ iV
tarif_nouveaux_enyaq_et_enyaq_coupe_-_my2026_-_160125 ; Škoda Enyaq
skoda_comparaisons ; Je ne peux pas identifier le modèle spécifique de Škoda à partir
tarifs_et_fiches_techniques_kodiaq_a_jour_le_16_mai_2024 ; Škoda Kodiaq
fabia_08.24 ; Škoda Fabia
scala_nov2024 ; Je ne peux pas identifier de modèle de voiture spécifique à partir du
tarif_enyaq_et_enyaq_coupe_-_my2025_-_30-05-24_(2) ; ŠKODA ENYAQ
octavia_25.10.2024 ; Škoda Octavia
tarif_superb_-_my2025_-_tarif_05112024_maj_06.02.2025 ; Škoda Superb
kodiaq_07.24 ; Škoda Kodiaq
scala_080824 ; Je ne peux pas identifier un modèle de voiture spécifique à partir de
tarifs_et_fiches_techniques_kamiq_a_jour_le_20_mars_2025 ; ŠKODA KAMIQ
tarif_nouveaux_enyaq_et_enyaq_coupe_-_23.01.25 ; Škoda Enyaq
enyaq_sept2024 ; Škoda Enyaq iV
cp_skoda_presente_la_premiere_image_de_lelroq_son_suv_compact_100_electrique ; Škoda Elroq
tarifs_et_fiches_techniques_nouveau_elroq_a_jour_le_16_avril_2025 ; ŠKODA ENYAQ ELROQ
superb_nov2024 ; Škoda Superb
tarifs_et_fiches_techniques_octavia_a_jour_le_02_mai_2024 ; Škoda Octavia
tarifs_et_fiches_techniques_octavia_a_jour_le_18_avril_2025 ; Škoda Octavia
kodiaq_4.12 ; Škoda Kodiaq
tarifs_et_fiches_techniques_superb_a_jour_le_18_juillet_2024 ; Je ne peux pas déterminer le nom commercial complet du modèle de voiture
my2023_tarifs_enyaq_iv_01012023_v5 ; Škoda Enyaq iV
tarif_nouvelle_octavia_-_my2025_-_tarif_18072024_maj_31.07.2024_(1) ; Škoda Octavia
enyaq_08-08-24_(1) ; Je ne peux pas identifier le modèle spécifique de la voiture uniquement
elroq_301024 ; Škoda Elroq
tarifs_et_fiches_techniques_kodiaq_a_jour_le_16_mai_2024_ ; ŠKODA KODIAQ
cp_le_futur_suv_citadin_100_electrique_de_skoda_sappellera_epiq ; Škoda Epiq
tarifs_et_fiches_techniques_octavia_a_jour_le_02_mai_2024_(2) ; Je ne peux pas voir le contenu du document que vous mentionnez. Pour vous don
tarif_nouveau_elroq_-_my2025_-_011024_-_maj_230125 ; Škoda Elroq
octavia_nov2024 ; Škoda Octavia
superb_07.01.25 ; Škoda Superb
superb080824 ; Škoda Superb
tarif_nouveaux_enyaq_et_enyaq_coupe_-_my2026_-_160125_-_maj_070325 ; Škoda Enyaq
tarif_nouveau_elroq_-_my2025_-_20.12 ; Škoda Enyaq
tarif_nouveau_elroq_-_my2025_-_011024_-_maj_210225 ; Škoda Elroq
fabia_nov2024 ; Škoda Fabia
tarif_nouveau_kodiaq_-_my2024_-_070324_-_maj_130624 ; Škoda Kodiaq
octavia_dec_2024 ; Škoda Octavia
kamiq_nov2024 ; Škoda Kamiq
tarifs_et_fiches_techniques_superb_a_jour_le_14_avril_2025 ; Je ne peux pas identifier le modèle de voiture car aucune image n'
karoq__080824 ; Škoda Karoq
tarif_kamiq_-_my2025_-_051124_-_maj_180225 ; Škoda Kamiq
karoq_nov2024 ; Škoda Karoq
tarif_enyaq_et_enyaq_coupe_-_my2025_-_30-05-24_maj_au_27-06-24 ; Škoda Enyaq iV
tarifs_et_fiches_techniques_karoq_a_jour_le_29_janvier_2025 ; ŠKODA KAROQ
fabia_10.01.25 ; Škoda Fabia
elroq_10.01.25 ; Škoda Elroq
tarifs_et_fiches_techniques_kodiaq_a_jour_le_16_avril_2025 ; ŠKODA KODIAQ
kodiaq_010824 ; Škoda Kodiaq
tarif_karoq_-_my2025_-_051124_-_maj_280125 ; Škoda Karoq
tarifs_et_fiches_techniques_octavia_a_jour_le_18_juillet_2024 ; Škoda Octavia
directives_commerciales_skoda_fevrier ; Je ne peux pas identifier le modèle de voiture spécifique sans voir le
tarifs_et_fiches_techniques_superb_a_jour_le_16_mai_2024 ; ŠKODA SUPERB
dossier_de_lancement_elroq ; Škoda Elroq
tarif_nouveau_elroq_-_my2025_-_011024_-_maj_070525 ; Škoda Enyaq
elroq_031024 ; Škoda Elroq
elroq_nov2024 ; Škoda Elroq
kamiq_080824 ; Škoda Kamiq
kodiaq_nov2024 ; Škoda Kodiaq